repo_id,repo_name,industry_code,industry_name,confidence,reasoning
9210604,restangular,J,Information and communication,high,"Restangular is a JavaScript library designed to simplify interactions with RESTful APIs, which are commonly used in web applications. Its primary application is in the development of web applications, making it most relevant to the Information and communication industry."
154173536,planify,N,Administrative and support activities,high,"The repository 'planify' is a task manager designed for productivity, which is primarily used for organizing tasks and projects. This aligns closely with administrative and support activities where effective task management is essential for operational efficiency."
450854006,Ender3V2S1,C,Manufacturing,high,"The repository provides optimized firmware for 3D printers, which are primarily used in the manufacturing industry for prototyping, production, and custom fabrication. This classification is supported by the focus on enhancing the performance of 3D printing technology."
47186418,WheelPicker,J,Information and communication,high,"The WheelPicker repository is a library designed for Android applications, specifically for creating a wheel view UI component. This functionality is primarily relevant to the software development industry, which falls under the broader category of Information and communication. The library's purpose is to enhance user interfaces in mobile applications, making it a tool for developers in this sector."
363995566,remix-utils,J,Information and communication,high,"The repository 'remix-utils' provides utility functions for use with Remix.run, which is a framework built on React for web applications. This places it squarely within the software development and web application space, which is part of the information and communication industry."
388624643,remix-auth,J,Information and communication,high,"The repository 'remix-auth' provides authentication solutions specifically for web applications built with Remix and React Router, which are primarily used in the information and communication sector. Authentication is a critical component of web development, making this tool highly relevant for developers in this industry."
32990107,DatePicker,J,Information and communication,high,"The DatePicker library is a software component designed for Android applications, primarily serving developers in the information and communication industry by providing a user interface element for date selection. Its utility in mobile app development aligns it closely with this sector."
35923428,MultiThreadDownloader,J,Information and communication,high,"The MultiThreadDownloader is a utility designed for downloading files efficiently on Android devices, which falls under the realm of information technology and communication. Its primary application is in software development for mobile applications, making it most relevant to the information and communication industry."
43579892,d3-flame-graph,J,Information and communication,high,"The d3-flame-graph repository is a visualization tool that helps in profiling software, making it particularly useful for developers and data analysts in the information and communication industry. Its primary function is to visualize hierarchical data, which is a common need in software development and data analysis."
422046848,remix-i18next,J,Information and communication,high,"The repository 'remix-i18next' is focused on providing internationalization support for React Router applications, which is a common requirement in web development. This aligns it closely with the Information and communication industry, as it enhances the usability of web applications for diverse audiences."
10418404,angularytics,J,Information and communication,high,"The repository 'angularytics' is focused on tracking page views and events in single-page applications (SPAs) built with AngularJS, which is primarily used in web development and analytics. This aligns closely with the Information and communication industry, as it deals with software solutions that enhance web applications and user interaction."
30365240,slack-irc,J,Information and communication,high,"The repository connects Slack and IRC channels, which are both communication platforms. Its primary function is to facilitate message exchange between these platforms, making it highly relevant to the information and communication industry."
664907402,remix-hono,J,Information and communication,high,"The repository 'remix-hono' provides middleware for web applications built with React Router and Hono, which are frameworks used for developing web applications. This places it squarely within the Information and communication industry, as it facilitates the creation of web-based services and applications."
217599397,flagged,J,Information and communication,high,"The repository provides a feature flagging system specifically designed for React applications, which is primarily used in web development and software engineering. This aligns closely with the Information and communication industry, as it involves the creation and management of software applications."
94036217,tf-dev-summit-tensorboard-tutorial,J,Information and communication,high,"The repository is focused on TensorBoard, a tool used for visualizing machine learning experiments, which falls under the domain of information technology and communication. Its primary use case is in data science and machine learning, making it most relevant to the information and communication industry."
310193724,Marlin,C,Manufacturing,high,"The Marlin firmware is specifically designed for 3D printers, which are widely used in the manufacturing industry for prototyping and production. This classification reflects its application in manufacturing processes."
31572154,EDgrid,J,Information and communication,high,"EDgrid is a CSS/Sass library designed for creating responsive layouts, which is primarily used in web development. This places it firmly within the Information and communication industry, as it supports the creation of websites and applications that communicate information."
422972530,Special_Configurations,C,Manufacturing,high,"The repository focuses on configuration files and firmware for 3D printers, specifically the Ender3 V2/S1 model. This aligns closely with the manufacturing industry, particularly in the context of additive manufacturing and 3D printing technologies."
138063059,next-ga,J,Information and communication,high,"The repository is a JavaScript component designed to integrate Google Analytics into Next.js applications, which is primarily used in web development and digital analytics. This aligns closely with the Information and communication industry, as it facilitates data tracking and analysis for web applications."
108414116,html-similarity,J,Information and communication,high,"The repository focuses on comparing HTML similarity, which is primarily relevant to web development and digital content management. This aligns closely with the Information and communication industry, as it involves tools and technologies used for creating and managing web content."
144072297,unicode-style,J,Information and communication,high,"The repository 'unicode-style' is a utility for formatting text using Unicode characters, which is primarily applicable in the realm of information technology and communication. It serves as a tool that can enhance text presentation in digital communications, making it relevant to the Information and communication industry."
64514966,tensorflow-tutorial,P,Education,high,"The repository is a tutorial on TensorFlow, which is primarily used for educational purposes in teaching machine learning and deep learning concepts. It serves as a resource for learners and educators in the field of data science and artificial intelligence."
440076905,remix-auth-oauth2,J,Information and communication,high,"The repository provides an OAuth2 strategy for authentication, which is primarily used in web applications and services within the information and communication sector. Its functionality is essential for enabling secure access and user management in digital platforms, making it highly relevant to this industry."
683833940,cloudsec-ninja,J,Information and communication,high,"The repository focuses on cloud security education, which is a critical aspect of the information technology sector. It aims to train individuals in cybersecurity, specifically within cloud environments, making it highly relevant to the information and communication industry."
708191407,awesome-theory-of-mind,M,"Professional, scientific activities",high,"The repository focuses on machine theory of mind, which is a specialized area of research within artificial intelligence and cognitive science. This aligns closely with the professional and scientific activities industry, particularly in the context of academic research and development in AI."
138228625,next-nprogress,J,Information and communication,high,"The repository 'next-nprogress' is a JavaScript library designed for use with Next.js applications, which are primarily web applications. Its purpose is to enhance user experience by integrating a progress bar, making it relevant to the information and communication industry where web development and user interface design are critical."
15535086,mgo-mousetrap,J,Information and communication,high,"The repository is a JavaScript library designed for handling keyboard interactions in Angular applications, which are commonly used in web development. This places it squarely within the Information and communication industry, as it facilitates user interaction in software applications."
106890412,dune-starter,J,Information and communication,high,"The repository provides a template for starting OCaml projects, which is primarily relevant for software development and programming. This aligns with the Information and communication industry, as it involves creating software tools and applications."
440683737,remix-auth-form,J,Information and communication,high,"The repository provides an authentication strategy for web applications built with Remix, which is primarily used in the development of web applications. This places it firmly within the information and communication sector, as it supports software development and user authentication processes."
112386073,bibtex-search,M,"Professional, scientific activities",high,"The repository is designed to search for BibTeX references, which is primarily used in academic and research contexts. This functionality is particularly relevant to professionals and researchers in scientific fields who need to manage and cite academic papers."
780548406,Sparrow-Extended-GUI-for-RIGOL-DHO800_DHO900,M,"Professional, scientific activities",high,"The repository is focused on enhancing the user interface of oscilloscopes, which are primarily used in scientific and engineering applications. This aligns it closely with the professional and scientific activities industry, as it serves professionals who require precise measurement tools for research and development."
755725134,floresamarillasycorazones,J,Information and communication,medium,"The repository primarily consists of CSS, which is commonly used in web development, a key aspect of the information and communication industry. However, due to the lack of specific functionality or application details, the classification is made with medium confidence."
281784442,use-mutation,J,Information and communication,high,"The repository 'use-mutation' is a utility for managing side-effects in React applications, which are commonly used in web development. This places it squarely in the Information and communication industry, as it facilitates the development of software applications that communicate with APIs and manage data interactions."
621891194,cybersecurity-entry-level,P,Education,high,"The repository is focused on providing a free introductory course on cybersecurity, targeting students and professionals looking to enter the field. This aligns closely with the education industry as it aims to teach and enhance knowledge in cybersecurity."
58878990,Trucos-CSS,J,Information and communication,high,"The repository focuses on CSS tricks, which are primarily used in web development and design, a key aspect of the information and communication industry. It serves developers looking to enhance their front-end skills, making it relevant to this sector."
244100157,swr-sync-storage,J,Information and communication,high,"The repository is a utility library designed to synchronize cache with local storage, which is primarily relevant for web applications. This aligns closely with the Information and communication industry, as it involves web development and data management."
1171665846,executive-assistant-skills,N,Administrative and support activities,high,"The repository focuses on automating tasks typically handled by an executive assistant, such as meeting preparation, email drafting, and task management, which are core functions in administrative support roles."
725207029,mabelolivera10,J,Information and communication,high,"The repository contains configuration files for a GitHub profile, which is primarily related to software development and communication within the tech community. This aligns closely with the Information and communication industry."
7084497,factory_pal,M,"Professional, scientific activities",high,"FactoryPal is a framework designed for creating test data in Scala applications, which is highly relevant for software development and testing in professional and scientific contexts. Its focus on type safety and object creation aligns well with industries that require robust software solutions, particularly in fields involving software engineering and data science."
434469478,sergiodxa.com,J,Information and communication,high,"The repository appears to be related to web development, specifically using TypeScript and frameworks like React. Given the context of a personal website (sergiodxa.com), it aligns well with the Information and communication industry, which encompasses software development and web technologies."
99268856,burn,J,Information and communication,high,"The repository 'burn' is a CLI tool designed for converting performance profiles into visual representations (flame graphs), which is particularly useful in software development and performance analysis. This aligns it closely with the Information and Communication industry, where software tools for performance monitoring and optimization are critical."
440362128,remix-auth-github,J,Information and communication,high,"The repository is focused on implementing an authentication strategy for GitHub using OAuth2, which is primarily used in web applications and software development. This aligns closely with the Information and communication industry, as it facilitates user authentication and integration with web services."
13110352,tmux-git,J,Information and communication,high,"The repository provides a utility script for developers working with Git and Tmux, which are tools commonly used in software development and programming. This places it firmly within the Information and communication industry, as it enhances the workflow of developers and system administrators."
436411126,ninerogues_ecommerce,G,Wholesale and retail trade,high,"The repository name 'ninerogues_ecommerce' suggests that it is related to e-commerce, which is primarily associated with the wholesale and retail trade industry. The use of JavaScript further indicates that it may involve web development, commonly used for online shopping platforms."
1143616564,agent-skills,J,Information and communication,medium,"The repository appears to provide agent skills for tools, which suggests it is related to software development or automation. Given the lack of specific application details, it is classified under Information and communication as it likely serves developers or users in tech-related fields."
122018303,d3-heatmap2,J,Information and communication,high,"The d3-heatmap2 repository is a JavaScript plugin that produces heatmaps, which are commonly used in data visualization and analytics within the information and communication sector. Its primary application is in presenting data visually, making it highly relevant for industries that rely on data analysis and communication of information."
4280859,purple-fringe,R,"Arts, entertainment and recreation",high,"The repository focuses on removing purple fringing from digital photos, which is a common issue in photography. This tool is particularly useful for photographers and artists who require high-quality images, making it most applicable to the arts and entertainment industry."
440042324,remix-auth-strategy-template,J,Information and communication,high,"The repository is a template for creating authentication strategies in the Remix framework, which is primarily used for web development and applications. This aligns closely with the Information and communication industry, as it involves software development and communication technologies."
630758294,web-oidc,J,Information and communication,high,"The repository is an OpenID Connect client designed for web applications, which is primarily used for authentication and authorization in web-based services. This functionality is crucial in the Information and communication industry, where secure user authentication is essential for web applications."
334519780,cmdliner-cheatsheet,J,Information and communication,high,"The repository provides a cheatsheet for a library that aids in command-line option parsing in OCaml programs, which is primarily a tool for developers. This aligns with the Information and communication industry, as it involves software development and programming utilities."
